Workbook

Sheet Raw_Data
A1: task_id | B1: tool | C1: additions | D1: deletions | E1: modifications | F1: total_lines | G1: EDS_Score | H1: notes
A2: E1 | B2: ChatGPT | C2: 0 | D2: 0 | E2: 0 | F2: 17 | G2: =(C2+D2+E2)/F2 -> 0 | H2: Wrapper added for Step 5 profiling only.
A3: E2 | B3: ChatGPT | C3: 5 | D3: 0 | E3: 0 | F3: 13 | G3: =(C3+D3+E3)/F3 -> 0.38461538 | H3: Added wrapper for Step 5 profiling; function logic unchanged
A4: E3 | B4: ChatGPT | C4: 5 | D4: 0 | E4: 0 | F4: 5 | G4: =(C4+D4+E4)/F4 -> 1 | H4: Added wrapper for Step 5 profiling; function logic unchanged
A5: E4 | B5: ChatGPT | C5: 12 | D5: 0 | E5: 0 | F5: 13 | G5: =(C5+D5+E5)/F5 -> 0.92307692 | H5: Added wrapper + list conversion to allow execution for Step 5 profiling
A6: E5 | B6: ChatGPT | C6: 6 | D6: 0 | E6: 6 | F6: 13 | G6: =(C6+D6+E6)/F6 -> 0.92307692 | H6: Corrected indentation; added wrapper for Step 5 profiling
A7: M1 | B7: ChatGPT | C7: 25 | D7: 0 | E7: 2 | F7: 27 | G7: =(C7+D7+E7)/F7 -> 1 | H7: Added wrapper and test cases for Step 5; original logic unchanged
A8: M2 | B8: ChatGPT | C8: 30 | D8: 0 | E8: 5 | F8: 35 | G8: =(C8+D8+E8)/F8 -> 1 | H8: Added wrapper, helper functions, indentation fix for Step 5 execution.
A9: M3 | B9: ChatGPT | C9: 15 | D9: 0 | E9: 2 | F9: 17 | G9: =(C9+D9+E9)/F9 -> 1 | H9: Added wrapper, example tree builder; original logic untouched.
A10: M4 | B10: ChatGPT | C10: 10 | D10: 0 | E10: 2 | F10: 12 | G10: =(C10+D10+E10)/F10 -> 1 | H10: Added wrapper, test case; original algorithm logic untouched
A11: M5 | B11: ChatGPT | C11: 8 | D11: 0 | E11: 1 | F11: 9 | G11: =(C11+D11+E11)/F11 -> 1 | H11: Added wrapper, test cases; original algorithm logic untouched
A12: H1 | B12: ChatGPT | C12: 4 | D12: 0 | E12: 0 | F12: 4 | G12: =(C12+D12+E12)/F12 -> 1 | H12: Added wrapper and test input; original logic untouched
A13: H2 | B13: ChatGPT | C13: 12 | D13: 0 | E13: 0 | F13: 12 | G13: =(C13+D13+E13)/F13 -> 1 | H13: Added wrapper and test input; original logic untouched
... A61: M5_Gemini | B61: Gemini | C61: 8 | D61: 0 | E61: 3 | F61: 21 | G61: =(C61+D61+E61)/F61 -> 0.52380952 | H61: Preserved original min-heap kth largest logic; refactored function name to kth_largest; included wrapper for benchmarking; prints outputs for verification.

Sheet Summary
A1: Tool | B1: Mean | C1: Median | D1: Standard Deviation
A2: ChatGPT | B2: =AVERAGE(Raw_Data!G2:G21) -> 0.86153846 | C2: =MEDIAN(Raw_Data!G2:G21) -> 1 | D2: =_xlfn.STDEV.S(Raw_Data!G2:G21) -> 0.32501827
A3: Copilot | B3: =AVERAGE(Raw_Data!G22:G41) -> 0.28902891 | C3: =MEDIAN(Raw_Data!G22:G41) -> 0.3 | D3: =_xlfn.STDEV.S(Raw_Data!G22:G41) -> 0.088895307
A4: Gemini | B4: =AVERAGE(Raw_Data!G42:G61) -> 0.50371307 | C4: =MEDIAN(Raw_Data!G42:G61) -> 0.52752976 | D4: =_xlfn.STDEV.S(Raw_Data!G42:G61) -> 0.1506525
